Workbook

Sheet QC Tracker
L1: Display Audit | Q1: External & Internal Visibility | T1: Campaign | Y1: Scoring | AA1: Highlights & Scoring
A2: Outlet Code | B2: Outlet Name | C2: VM User Code | D2: VM Name | E2: Outlet Category | F2: Outlet Classification | G2: Outlet City | H2: Visit Date | I2: QC Date | J2: AOM | K2: Sub Region | L2: Ref Section | M2: WM Section | N2: DW Section | O2: Chimney Section | P2: Inside Snap (360 Images) | Q2: External Visibility | R2: Internal Visibility | S2: Promoter Activity | T2: Star Campaign Deployment Images | U2: Images taken correctly (Before & After) | V2: POSM Deployment (Guideline Adherence) | W2: Correct POSM Remarks Captured | X2: POSM Condition (Damaged POSM identified) | Y2: QC Approved Count | Z2: QC Approved % (Out of 10 parameters) | AA2: Mistakes Reported | AB2: AOM Remarks
A3: 5488599 | B3: Reliance Grp | C3: 1104346 | D3: Saikiran Nalluri | E3: Bronze | F3: B | G3: Hyderabad | H3: 46254 | I3: 46255 | J3: =IFERROR(VLOOKUP($C3,'Emp Master'!$B:$F,4,0),"") -> Irfan Ali | K3: =IFERROR(VLOOKUP($C3,'Emp Master'!$B:$F,5,0),"") -> South 1 | L3: Ok | M3: Ok | N3: Rejected | O3: Ok | P3: Rejected | Q3: Ok | R3: Ok | S3: Ok | T3: Ok | U3: Ok | V3: Ok | W3: Ok | X3: Ok | Y3: =COUNTIF(L3:X3,"ok") -> 11 | Z3: =IFERROR(Y3/COUNTA(L3:X3),"") -> 0.84615385 | AA3: DW Campaign added wrongly | AB3: Photos not taken properly, Posm not available and 360 degree photos not captured by VM.
A4: 5490123 | B4: Infiniti Retail Limited | C4: 1104346 | D4: Saikiran Nalluri | E4: Silver | F4: B | G4: Hyderabad | H4: 46254 | I4: 46255 | J4: =IFERROR(VLOOKUP($C4,'Emp Master'!$B:$F,4,0),"") -> Irfan Ali | K4: =IFERROR(VLOOKUP($C4,'Emp Master'!$B:$F,5,0),"") -> South 1 | L4: Ok | M4: Rejected | N4: Ok | O4: Ok | P4: Ok | Q4: Ok | R4: Ok | S4: Rejected | T4: Ok | U4: Ok | V4: Ok | W4: Ok | X4: Ok | Y4: =COUNTIF(L4:X4,"ok") -> 11 | Z4: =IFERROR(Y4/COUNTA(L4:X4),"") -> 0.84615385 | AA4: Promoter activity not done properly | AB4: Bosch Washing Machine FL Topper not carried properly, 360 degree photos less captured by VM.
A5: 5490138 | B5: Pai Intern Ltd. Grp | C5: 1105185 | D5: Sargilivari Sai Kiran | E5: Silver | F5: B | G5: Kolar | H5: 46254 | I5: 46255 | J5: =IFERROR(VLOOKUP($C5,'Emp Master'!$B:$F,4,0),"") -> Irfan Ali | K5: =IFERROR(VLOOKUP($C5,'Emp Master'!$B:$F,5,0),"") -> South 1 | L5: Rejected | M5: Rejected | N5: Rejected | O5: Ok | P5: Rejected | Q5: Ok | R5: Ok | S5: Rejected | T5: Rejected | U5: Rejected | V5: Ok | W5: Ok | X5: Ok | Y5: =COUNTIF(L5:X5,"ok") -> 6 | Z5: =IFERROR(Y5/COUNTA(L5:X5),"") -> 0.46153846 | AA5: All campaigns not captured while doing the reporting | AB5: Against REF display count mention wrong deployment Qty, 360 degree photos less captured by VM. (New VM will give him proper Training).
A6: 5489995 | B6: Sonovision Electronics Private | C6: 1102995 | D6: Habeeb Basha Syed | E6: Silver | F6: B | G6: Kadapa | H6: 46255 | I6: 46256 | J6: =IFERROR(VLOOKUP($C6,'Emp Master'!$B:$F,4,0),"") -> Irfan Ali | K6: =IFERROR(VLOOKUP($C6,'Emp Master'!$B:$F,5,0),"") -> South 1 | L6: Ok | M6: OK | N6: Ok | O6: Ok | P6: Ok | Q6: Ok | R6: Ok | S6: Ok | T6: Rejected | U6: Ok | V6: Ok | W6: Ok | X6: Ok | Y6: =COUNTIF(L6:X6,"ok") -> 12 | Z6: =IFERROR(Y6/COUNTA(L6:X6),"") -> 0.92307692 | AA6: B Top Load ATL 2.2 WM: 1 display posm not available comment added wrong | AB6: NA
A7: 5488808 | B7: Haritha Enterprises | C7: 1102208 | D7: Chethan S | E7: Diamond | F7: A | G7: Bengaluru | H7: 46255 | I7: 46256 | J7: =IFERROR(VLOOKUP($C7,'Emp Master'!$B:$F,4,0),"") -> Irfan Ali | K7: =IFERROR(VLOOKUP($C7,'Emp Master'!$B:$F,5,0),"") -> South 1 | L7: Rejected | M7: Ok | N7: Ok | O7: Ok | P7: Rejected | Q7: Ok | R7: Ok | S7: Rejected | T7: Ok | U7: Ok | V7: Ok | W7: Ok | X7: Ok | Y7: =COUNTIF(L7:X7,"ok") -> 10 | Z7: =IFERROR(Y7/COUNTA(L7:X7),"") -> 0.76923077 | AA7: B Front Load WM 7 KG - 12 KG _AntiStain: Display count not added, B New INTERNAL STICKER 80 Utensils: Wrong deployment Qty Added | AB7: Competitor ISP count not added, 360 degree photos less captured by VM.
A8: 5488929 | B8: Unilet Appliances Pvt. Ltd. | C8: 1102208 | D8: Chethan S | E8: Gold | F8: B | G8: Bengaluru | H8: 46255 | I8: 46256 | J8: =IFERROR(VLOOKUP($C8,'Emp Master'!$B:$F,4,0),"") -> Irfan Ali | K8: =IFERROR(VLOOKUP($C8,'Emp Master'!$B:$F,5,0),"") -> South 1 | L8: Rejected | M8: Ok | N8: Ok | O8: Ok | P8: Rejected | Q8: Ok | R8: Ok | S8: Ok | T8: Ok | U8: Ok | V8: Rejected | W8: Rejected | X8: Ok | Y8: =COUNTIF(L8:X8,"ok") -> 9 | Z8: =IFERROR(Y8/COUNTA(L8:X8),"") -> 0.69230769 | AA8: B New 100% Money Back Side Flange: Posm carried limited Qty, B Freestanding Dishwasher Toppers not deployed missing, | AB8: REF category campaigns not added, 360 degree photos less captured by VM.
A9: 5489822 | B9: Goldfinch Products Private LTD | C9: 1095237 | D9: Jaswinder Singh | E9: Silver | F9: B | G9: Samana | H9: 22-08-2026 | I9: 24-08-2026 | J9: =IFERROR(VLOOKUP($C9,'Emp Master'!$B:$F,4,0),"") -> Yaswant Kumar | K9: North | L9: Ok | M9: Rejected | N9: OK | O9: OK | P9: Rejected | Q9: ok | R9: Rejected | S9: Ok | T9: OK | U9: Ok | V9: Ok | W9: Ok | X9: Ok | Y9: =COUNTIF(L9:X9,"ok") -> 10 | Z9: =IFERROR(Y9/COUNTA(L9:X9),"") -> 0.76923077 | AA9: 360-degree picture was not captured, and the internal visibility picture was also not captured properly | AB9: NA
A10: 5489716 | B10: Rajeev Distributor | C10: 1098559 | D10: Partha Sarkar | E10: Silver | F10: B | G10: Gangtok | H10: 22-08-2026 | I10: 24-08-2026 | J10: =IFERROR(VLOOKUP($C10,'Emp Master'!$B:$F,4,0),"") -> Yaswant Kumar | K10: East | L10: OK | M10: OK | N10: OK | O10: OK | P10: OK | Q10: OK | R10: OK | S10: OK | T10: OK | U10: OK | V10: OK | W10: rejected | X10: OK | Y10: =COUNTIF(L10:X10,"ok") -> 12 | Z10: =IFERROR(Y10/COUNTA(L10:X10),"") -> 0.92307692 | AA10: Correct POSM remarks was not captured. | AB10: NA
A11: 5491325 | B11: Eastern Trading Company | C11: 1095246 | D11: Raushan Kumar | E11: Silver | F11: B | G11: Lauriya | H11: 22-08-2026 | I11: 24-08-2026 | J11: =IFERROR(VLOOKUP($C11,'Emp Master'!$B:$F,4,0),"") -> Yaswant Kumar | K11: East | L11: Rejected | M11: Rejected | N11: OK | O11: OK | P11: Ok | Q11: Rejected | R11: Rejected | S11: OK | T11: OK | U11: Rejected | V11: Ok | W11: OK | X11: Ok | Y11: =COUNTIF(L11:X11,"ok") -> 8 | Z11: =IFERROR(Y11/COUNTA(L11:X11),"") -> 0.61538462 | AA11: Campaign image was not captured properly. External and internal visibility pictures were not captured, and the before-and-after pictures were also not captured | AB11: NA
A12: 5491428 | B12: Aditya Vision Limited | C12: 1095246 | D12: Raushan Kumar | E12: Bronze | F12: B | G12: Begusarai | H12: 22-08-2026 | I12: 24-08-2026 | J12: =IFERROR(VLOOKUP($C12,'Emp Master'!$B:$F,4,0),"") -> Yaswant Kumar | K12: East | L12: OK | M12: Ok | N12: OK | O12: OK | P12: OK | Q12: Ok | R12: Rejected | S12: OK | T12: OK | U12: Rejected | V12: Ok | W12: OK | X12: Ok | Y12: =COUNTIF(L12:X12,"ok") -> 11 | Z12: =IFERROR(Y12/COUNTA(L12:X12),"") -> 0.84615385 | AA12: internal visibility pictures were not captured, and the before-and-after pictures were also not captured. | AB12: NA
A13: 5488864 | B13: Vijay Sales Grp | C13: 1104433 | D13: Ravi Pal | E13: Diamond | F13: A | G13: Ghaziabad | H13: 22-08-2026 | I13: 24-08-2026 | J13: =IFERROR(VLOOKUP($C13,'Emp Master'!$B:$F,4,0),"") -> Yaswant Kumar | K13: East | L13: OK | M13: Ok | N13: Rejected | O13: OK | P13: Rejected | Q13: Ok | R13: Rejected | S13: OK | T13: OK | U13: Rejected | V13: Ok | W13: rejected | X13: OK | Y13: =COUNTIF(L13:X13,"ok") -> 8 | Z13: =IFERROR(Y13/COUNTA(L13:X13),"") -> 0.61538462 | AA13: POSM remarks were captured incorrectly. Pillar branding was available, but the quantity was not mentioned. | AB13: NA
A14: 5488621 | B14: Reliance Grp | C14: 1102728 | D14: Satish Gupta | E14: Bronze | F14: B | G14: Jaipur | H14: 22-08-2026 | I14: 24-08-2026 | J14: =IFERROR(VLOOKUP($C14,'Emp Master'!$B:$F,4,0),"") -> Yaswant Kumar | K14: East | L14: OK | M14: Ok | N14: Ok | O14: OK | P14: Rejected | Q14: Ok | R14: Rejected | S14: Rejected | T14: OK | U14: OK | V14: OK | W14: OK | X14: OK | Y14: =COUNTIF(L14:X14,"ok") -> 10 | Z14: =IFERROR(Y14/COUNTA(L14:X14),"") -> 0.76923077 | AA14: The 360-degree picture was not captured. The promoter's name was mentioned, but the promoter ID was not mentioned. | AB14: NA
A15: 5643566 | B15: Cool Care Airconditioning | C15: 1104090 | D15: Sunny | E15: Gold | F15: B | G15: Delhi | H15: 22-08-2026 | I15: 24-08-2026 | J15: =IFERROR(VLOOKUP($C15,'Emp Master'!$B:$F,4,0),"") -> Yaswant Kumar | K15: East | Y15: =COUNTIF(L15:X15,"ok") -> 0 | Z15: =IFERROR(Y15/COUNTA(L15:X15),"")
A16: 5488955 | B16: Sonovision Electronics Private | C16: 1102995 | D16: Habeeb Basha Syed | E16: Diamond | F16: A | G16: Vijayawada | H16: 46256 | I16: 46258 | J16: =IFERROR(VLOOKUP($C4,'Emp Master'!$B:$F,4,0),"") -> Irfan Ali | K16: =IFERROR(VLOOKUP($C5,'Emp Master'!$B:$F,5,0),"") -> South 1 | L16: Ok | M16: Ok | N16: Ok | O16: Ok | P16: Ok | Q16: Ok | R16: Rejected | S16: Ok | T16: Ok | U16: Rejected | V16: Ok | W16: Ok | X16: Rejected | Y16: =COUNTIF(L16:X16,"ok") -> 10 | Z16: =IFERROR(Y16/COUNTA(L16:X16),"") -> 0.76923077 | AA16: Internal visibility bosch and LG fixtures not captured and blur photos. | AB16: REF Posm not deployed properly, Before and after images not captured by VM.
A17: 5489422 | B17: Girias Investment Pvt Ltd | C17: 1105185 | D17: Sargilivari Sai Kiran | E17: Silver | F17: B | G17: Bengaluru | H17: 46256 | I17: 46258 | J17: =IFERROR(VLOOKUP($C5,'Emp Master'!$B:$F,4,0),"") -> Irfan Ali | K17: =IFERROR(VLOOKUP($C6,'Emp Master'!$B:$F,5,0),"") -> South 1 | L17: Rejected | M17: Ok | N17: Ok | O17: Ok | P17: Rejected | Q17: Ok | R17: Ok | S17: Ok | T17: Ok | U17: Ok | V17: Ok | W17: Rejected | X17: Ok | Y17: =COUNTIF(L17:X17,"ok") -> 10 | Z17: =IFERROR(Y17/COUNTA(L17:X17),"") -> 0.76923077 | AA17: Display count added wrongly and comment added by mistaken | AB17: REF display count mention wrong deployment Qty, 360 degree photos less captured by VM. (New VM will give him proper Training).
A18: 5489848 | B18: Pai Intern Ltd. Grp | C18: 1105185 | D18: Sargilivari Sai Kiran | E18: Silver | F18: B | G18: Bengaluru | H18: 46256 | I18: 46258 | J18: =IFERROR(VLOOKUP($C6,'Emp Master'!$B:$F,4,0),"") -> Irfan Ali | K18: =IFERROR(VLOOKUP($C7,'Emp Master'!$B:$F,5,0),"") -> South 1 | L18: Ok | M18: Rejected | N18: Ok | O18: Rejected | P18: Ok | Q18: Ok | R18: Ok | S18: Rejected | T18: Ok | U18: Ok | V18: Ok | W18: Rejected | X18: Ok | Y18: =COUNTIF(L18:X18,"ok") -> 9 | Z18: =IFERROR(Y18/COUNTA(L18:X18),"") -> 0.69230769 | AA18: Reporting error
A19: 5491333 | B19: Electronics Mart India Limited | C19: 1095249 | D19: Kiran | E19: Bronze | F19: B | G19: Bhupalpally | H19: 46256 | I19: 46258 | J19: =IFERROR(VLOOKUP($C7,'Emp Master'!$B:$F,4,0),"") -> Irfan Ali | K19: =IFERROR(VLOOKUP($C8,'Emp Master'!$B:$F,5,0),"") -> South 1 | L19: Ok | M19: Ok | N19: Ok | O19: Ok | P19: Ok | Q19: Ok | R19: Ok | S19: Ok | T19: Ok | U19: Rejected | V19: Ok | W19: Ok | X19: Ok | Y19: =COUNTIF(L19:X19,"ok") -> 12 | Z19: =IFERROR(Y19/COUNTA(L19:X19),"") -> 0.92307692 | AA19: DW Posm not carried properly and Before and after images not captured by VM. | AB19: NA

Sheet Emp Master
A1: Sr. No. | B1: User Code | C1: Employee Name | D1: Designation | E1: AOM Name | F1: Region | G1: Remarks
A2: 1 | B2: 1095233 | C2: Divyang | D2: VM | E2: Danish Khan | F2: West
A3: 2 | B3: 1095241 | C3: Nithin Arjun Rathod | D3: VM | E3: Danish Khan | F3: West
A4: 3 | B4: 1103198 | C4: Azhar Khan | D4: VM | E4: Danish Khan | F4: West
A5: 4 | B5: 1104345 | C5: Kiran Dighe | D5: VM | E5: Danish Khan | F5: West
A6: 5 | B6: 1105186 | C6: Paresh | D6: VM | E6: Danish Khan | F6: West
A7: 6 | B7: 1104344 | C7: Rohan Sawant | D7: VM | E7: Danish Khan | F7: West
A8: 7 | B8: 1103197 | C8: Avinash Chavan | D8: VM | E8: Danish Khan | F8: West
A9: 8 | B9: 1095249 | C9: Kiran | D9: VM | E9: Irfan Ali | F9: South 1
A10: 9 | B10: 1098558 | C10: RAYUPAREDDY LOVA RAJU | D10: VM | E10: Irfan Ali | F10: South 1
A11: 10 | B11: 1104346 | C11: Saikiran Nalluri | D11: VM | E11: Irfan Ali | F11: South 1
A12: 11 | B12: 1100111 | C12: Ramesh H | D12: VM | E12: Irfan Ali | F12: South 1
A13: 12 | B13: 1101317 | C13: Jaikumar P | D13: VM | E13: Irfan Ali | F13: South 1
... A35: 34 | B35: 1104318 | C35: Manu Sudhan | D35: VM | E35: Najeeb Hydrose | F35: South 2

Sheet Sheet3
J2: Display Count - FF- Alpha | K2: 2 | M2: Proper snap given by VM | N2: OK
B3: Display audit | D3: Campaign | J3: Ref-DC- Up to 24 Days Freshness Headers | K3: 0 | L3: Permission issue | N3: OK
B4: DC | C4: 2 | D4: MARVEL | E4: 2 | J4: Ref-FF- 95% Nano Shield Technology Stickers | K4: 1 | L4: Deployed as per Guidelines | N4: Not ok
B5: AC | C5: 1 | D5: 5 IN 1 | E5: 1 | J5: Ref-FF- Alpha Stickers | K5: 1 | L5: Deployed as per Guidelines | N5: Not ok
B6: FATL | C6: 1 | D6: VELVETY STEAM | E6: 1 | J6: Spl- Award Flanges | K6: 0 | L6: POSM Not Received | N6: OK
B7: FAFL | C7: 0
B8: SA | C8: 1 | D8: EDGE TB3 | E8: 1
J10: Display Count - FF- Alpha | K10: 5 | M10: Proper snap given by VM | N10: OK
J11: Ref-DC- Up to 24 Days Freshness Headers | K11: 0 | L11: Permission issue | N11: OK
J12: Ref-FF- 95% Nano Shield Technology Stickers | K12: 1 | L12: POSM already Present | N12: OK
J13: Ref-FF- Alpha Stickers | K13: 2 | L13: POSM already Present | N13: OK
J14: Spl- Award Flanges | K14: 3 | L14: POSM Not Received | N14: OK
K15: 5 | L15: Deployed as per Gudelines

Sheet Sheet4
J4: Display | K4: 5
K6: 0 | L6: posm not received | Q6: POSM already presentb on 2 Ref | R6: snap
K7: 1 | Q7: Posm not received for 3 ref
K8: 2
K11: 5 | L11: Deployed as per guidelines
J15: 2022 | K15: 2024
J17: 2025

Sheet Rejection Reasons
B3: Display Audit Rejection Reasons | D3: Branding Audit Rejection Reasons | F3: Campaign Rejection Reasons | H3: AOM Name
B4: ok | D4: ok | F4: ok | H4: Sitaram
B5: Fully Godrej Display Snaps not Captured | D5: Incorrect Branding Data Captured | F5: Incorrect POSM Deployment | H5: Parwez Alam
B6: Wrong Qty Captured | D6: Incorrect Fixture Data Captured | F6: Incorrect Display Count Captured | H6: Sujeet Shukla
B7: Proper Inside Snaps not Captured | D7: Incorrect Podium Data Captured | F7: Incorrect Remarks Captured | H7: Rameej Raja
D8: Incorrect GSB / ACP Data Captured | F8: POSM Condition is Bad, Not Replaced by VM | H8: Imran khan
D9: Incorrect Godrej Logo Data Captured
D10: Fully Godrej Branding & Fixtures Snaps not Captured
D11: Fully Competition Branding & Fixtures Snaps not Captured
D12: Proper Front Snap not Captured
